5.838457498071154550e-01,9.879008511638952550e-01,3.048527852630291135e-01
4.271612177970274260e-01,1.346483680722227461e-01,4.524866024304653456e-01
9.141053834637437037e-01,-4.090341878314536217e-01,-1.881458141339707457e-01
-2.546615060469045733e-01,8.365073194057558170e-02,7.039548911602458992e-01
7.923948919848672334e-01,-3.088152533376449516e-02,5.297059407252293628e-01
8.462593787901777354e-02,1.061754396127693401e+00,6.538276063240662517e-02
1.234295454646620327e-01,-5.786804038361696018e-02,8.081218902230616896e-01
9.453651527513882158e-01,7.115337667855463621e-01,1.600052571303637455e-02
6.486175438133139348e-01,5.062986194330252460e-02,4.117846507273518197e-01
5.608250463026190902e-01,9.111805759045735753e-01,7.701893556322688683e-01
3.545945419983689284e-01,-4.204348270018418710e-01,1.787695199375424482e-01
2.344115804863005637e-01,-4.814431903886505493e-02,6.620008292974335351e-01
-1.844930640964855539e-01,4.734484906571397034e-02,7.427163474091625917e-01
6.556430559289958548e-01,7.020300379758567244e-01,6.362966949044763787e-01
7.771028043507687277e-01,7.520860316451493111e-01,3.892093424386490752e-01
4.173418594130082759e-01,-3.069005609608274621e-01,-1.946322060431770196e-01
7.511372806649635470e-01,6.238234074577821975e-01,9.754146536976592285e-01
8.851915562828518436e-01,8.959968395535855556e-01,3.923382485214936266e-01
7.296885042334322335e-01,8.263257826220958557e-02,3.134435067904763894e-01
1.008580490709218624e+00,9.721718009688677942e-01,7.056009123590594179e-01
4.684759017801246594e-01,-3.954544754799878548e-01,-1.950097679447763271e-02
3.089510236445256464e-01,5.503604025027424296e-01,6.040415757842548805e-01
4.309747212293600360e-01,9.235964182213587947e-02,3.846224635118566382e-01
-1.009290277585765533e-01,1.543751701040725274e-02,6.898453209286508070e-01
5.736701385345681636e-01,7.435757167998209571e-02,7.692581609673826426e-01
-1.697851513174666593e-01,-1.209247873678193780e-02,8.106194114049515287e-01
7.525238388741594120e-01,3.297533428071638406e-01,1.492191949960404163e-01
3.284845576051502736e-01,7.774047270087549588e-01,5.548383095458490066e-01
5.148040420041860576e-01,8.353469579804585488e-01,5.174225175669276977e-01
7.688940001749791087e-01,-3.610206361263637587e-02,5.947723034065397485e-01
7.219840238896749751e-01,7.996799413350522689e-01,1.967759566849984210e-01
-5.882997651398177638e-03,1.510715719050734381e-02,7.625134470270239495e-01
4.768977332370900046e-01,1.287795261710500128e-01,4.754501098464749553e-01
3.798685157087370312e-01,7.244406798842119022e-01,9.130606454810177297e-01
4.903370886459013089e-01,3.633310534430657102e-01,2.531010441951579981e-01
8.311730938353553144e-01,1.009421032265978901e+00,8.772847650712489731e-01
8.280418204284459849e-01,9.749223831948253816e-01,5.257016593830566853e-01
5.334644203897763726e-01,-1.243687606241073440e-01,9.058808531805913056e-01
3.681477562699296269e-01,6.058871822865644630e-01,3.047910283110037977e-01
3.117990176125819968e-01,4.157465535244199706e-01,6.339111420808396513e-01
8.129051009104977243e-01,7.498449937629028117e-01,3.270587875970309977e-01
-2.961652008086867321e-02,1.049281774272399492e-01,5.114792269687626902e-01
9.289779159838649214e-01,9.441465968692610566e-01,1.098846237731190001e-01
1.589951163815247204e-01,3.012482654148865291e-01,7.850374839415613648e-01
1.956572498248927428e-01,1.072310014439810555e+00,1.895431872878407253e-01
5.755113568411776570e-02,-5.261943998118770449e-02,9.542360618954678353e-01
7.474069036242260156e-01,8.106339917756312241e-01,6.400381105261113146e-02
2.205943092607816347e-01,4.771668920170208938e-01,4.945972728605771418e-01
8.077384605857061972e-01,1.624761024916427377e-01,7.608934786573738895e-01
5.834040957291596330e-01,2.258717806050108134e-01,9.566956744132393275e-02
7.677985350776314055e-01,5.656947225420932979e-01,7.967715657306932986e-01
1.066730569201136181e+00,-3.797165994470813599e-01,-3.175329462309630091e-01
5.657796582373616490e-01,-3.449672165518872791e-01,-2.235619865381925364e-01
1.348301692068567224e-02,3.701432426286292016e-03,8.105193569347503013e-01
8.554974692354245791e-01,-2.765752626692921656e-01,5.015185285836996076e-01
1.608242049758779046e-01,-2.737057072299824492e-02,7.718298236128704470e-01
2.074157446652651893e-01,-7.344826508807483778e-02,8.302475400943781780e-01
-1.656825231732089454e-01,1.765004870873241039e-01,3.755175044046596966e-01
7.100948624847084334e-01,6.039752182504890543e-01,8.383537453187970279e-01
1.550359160530442038e-01,8.377836408342606012e-01,5.929378081819448587e-01
6.134742773332541033e-01,-1.710754982175949901e-01,8.919344652938532292e-01
1.970787323797298929e-01,-6.063233992521559479e-01,-1.198542134028785788e-01
-2.736435547805318724e-01,1.444735782079825948e-01,5.449472350361992401e-01
7.994926801754862478e-01,5.809684795131613289e-01,8.941998032071952762e-01
8.877875741674475796e-01,1.390020550416709022e-01,2.476649879665089593e-01
6.436974922297404866e-01,7.910608845968642999e-01,8.828987180949805502e-01
5.609633305140155901e-01,3.091754724773375651e-01,1.612418510844514097e-01
4.437334733245279494e-01,4.371189728327825041e-01,2.651337175332035279e-01
8.861852572646017334e-01,4.452163834336093085e-01,9.246065634346931628e-01
-4.203433362829472331e-01,3.852009629216170822e-02,8.802476835061571192e-01
1.341623003418767057e-01,9.689879187180711062e-01,6.498855892287104530e-02
7.914093512804735164e-01,9.123597302762799233e-01,2.593100881169204189e-02
7.423290827015279758e-01,8.274201174643424084e-01,9.190425408666381690e-01
3.962043828504438481e-01,1.048929989675812635e+00,9.457081208535299544e-01
6.364384740547165409e-01,-3.245222145577994488e-01,-1.279618215118112357e-01
1.229580870950405802e-01,-1.327086610233066399e-01,2.290494105463725984e-03
-2.791101148116238995e-01,-2.574524553854140932e-02,9.281514346658316095e-01
4.306939049958233845e-01,-4.950733358912143972e-02,7.152811129884557584e-01
4.773130072356316922e-01,6.237227592458914893e-01,5.395781323864089485e-01
8.226310542980461715e-01,4.323571563829233799e-01,1.283101875313937545e-01
5.174389921119334351e-02,-9.633077655427710329e-02,1.049963024196126637e+00
2.618851340012271489e-01,1.284896043440528907e-02,7.085690417955848863e-01
-7.553620240214789505e-02,5.154199439614548517e-01,-3.862842555151048407e-02
6.658598362564148720e-01,5.576477479834999196e-01,8.124538314872807865e-01
6.273461356806046829e-02,-6.210242424802493721e-02,8.574613313702554862e-01
5.665050315777135810e-03,5.887984095089752179e-01,1.971490852019236462e-01
3.850146932336697136e-01,2.656728289020630629e-01,4.014841709929349856e-01
5.475715821300811692e-01,1.275969245256159679e-01,2.717304365115558173e-01
4.533750775294203561e-01,7.854572418343057638e-01,4.283111611291730292e-02
9.664233336666721019e-01,7.021907568156754431e-01,4.204613984675436011e-01
6.784486714398058060e-01,8.458596421699338119e-01,6.224126011697062033e-01
9.657767611149988829e-01,4.453566049815970707e-01,-1.290275078056778157e-02
7.425944418004891689e-01,6.998181505171898742e-01,6.660260935215990274e-01
-3.376915472371853216e-02,2.551724138179577439e-01,1.914648250923983164e-01
1.973083048703284936e-01,8.098936784716143089e-01,9.154142163661458387e-01
1.203315045819351170e-01,2.604170575931412102e-01,9.157866198477917496e-01
1.037014728460385615e-01,5.295568780322537084e-01,7.699025355329147668e-02
7.262540180093519648e-01,8.534100559669967057e-01,6.283252260240160258e-02
2.855345106822890222e-01,-4.931805849688739030e-02,8.320817844929118134e-01
4.550433455394720106e-01,-1.314289444792412220e-01,9.108424423433952866e-01
4.583384131026200237e-01,2.504961582310465396e-01,9.347969502121827867e-01
2.555292889025199687e-01,8.681246802249578121e-01,6.260992167248020657e-01
4.755888257410980646e-01,-3.544739853802101326e-01,-1.299678756223350828e-01
1.851387490308686046e-01,9.092178345090073943e-01,4.728998536879014392e-01
7.445777381727556321e-01,7.852616860949209743e-01,4.704731320456601584e-01
4.754814215918239939e-01,2.353306528361067962e-01,2.276219908653785706e-01
1.367696230305680272e-01,9.773826913493740554e-01,2.557499027645953049e-01
6.462257319374868914e-01,9.410166668553393565e-01,3.712184854828217695e-01
2.462676845562711270e-01,5.163998731272018139e-01,8.571242126440635767e-01
3.346413355524949229e-01,8.721867202007641540e-01,2.664256677267042850e-01
5.801415937331272366e-01,5.803899621148611576e-01,3.771034702486407708e-01
5.309675805353537559e-01,8.490488910749453000e-01,3.215712738648397462e-01
7.463852598338048816e-01,6.768246598424554339e-01,5.768569322705299207e-01
1.621277310499036894e-01,7.745165053280468337e-01,9.019205602543579614e-01
9.323141554583197488e-01,5.430670699278209446e-01,6.655957924202122733e-01
8.671793523150855831e-02,1.127896598429179997e+00,2.433968118450899332e-01
6.945587578331135180e-03,5.351916320892250445e-01,4.656011433723272752e-02
6.523382646827714515e-01,7.661589250916166494e-01,7.563590488597897732e-01
1.723064518363597586e-01,-8.209627577677010291e-02,9.875236638135231892e-01
3.945472658496592122e-01,6.597708101156601890e-01,1.057937049223745207e+00
6.904505625676492231e-02,-1.594660668612446208e-01,1.192736371103171544e+00
4.727019382577374307e-01,9.294776973757766791e-01,7.215225850489370707e-01
6.352609818691860866e-02,-1.009876257344477224e-01,9.469736665551032884e-01
2.902458259474220426e-01,8.177717332388914073e-01,9.673570069849342090e-01
1.494908566105507264e-01,-9.255972524447333982e-02,1.005975782774647165e+00
7.492725004108466980e-01,9.925800785903180490e-01,5.389672076362683750e-01
5.087804042077259670e-01,8.205723501900447081e-01,3.003266475593222018e-01
1.003835013829531997e+00,6.093837661402813355e-01,4.477494116335596908e-01
4.373181073144052355e-01,1.017267306282558570e+00,3.024334590288488278e-01
-8.250211478705997414e-02,1.570149531051997782e-01,4.145599270173688233e-01
6.628586671628925453e-01,1.461643119455343642e-01,2.303896467195455933e-01
5.705658493876571979e-01,5.424265299017720920e-01,9.744087455218636284e-01
2.241400099180158034e-01,1.024786913058715720e+00,6.448855843012014921e-02
1.548455066361765220e-01,4.143751062104721883e-01,6.631358858222733410e-01
1.160056874152921025e-01,9.247709780810143831e-01,8.774098921676460883e-01
5.472312507676553306e-01,1.000355044814803307e+00,6.062543403943149167e-01
-3.508882149099223913e-01,-3.469318237332220944e-02,1.012639929198824618e+00
6.350763633776191908e-01,-1.602076174326279301e-01,4.811805022287326539e-01
4.881496751648883858e-01,2.129575490897511747e-03,5.555378692051059497e-01
6.749309071562609175e-02,6.439341945291304770e-03,7.331020136804816678e-01
6.389489872208943266e-01,3.578304517231691712e-02,2.693995338675724827e-01
9.360153026334848414e-02,1.234155414743782347e-01,3.651119141320355865e-01
6.325884113913076146e-01,6.248522937419608292e-01,2.463054873319027727e-01
9.018014236382470017e-01,3.770410375241095569e-01,9.394055251732059686e-01
6.325111815488477784e-01,2.804766295571765600e-01,1.723483447676052993e-01
7.781933312586513107e-01,5.845061702907967671e-01,2.808407229770063518e-01
7.225394553797663821e-01,7.461496621131439300e-01,7.263643809700430776e-01
8.355572763384734314e-01,7.635413630612927216e-01,5.724526325527752313e-01
5.811016578577230529e-01,-1.301371989809042562e-01,6.123356502505780119e-01
-1.874516593476470427e-01,8.286587628614781875e-02,6.096655972825058001e-01
5.599657175763645967e-01,7.177560643101604798e-01,5.059181510362856793e-01
7.420198318280885053e-01,5.448467043178998465e-02,3.009098159765493108e-01
8.537778159257648491e-01,6.432965169457093291e-01,9.564113087633171473e-01
7.360706416709158484e-01,3.945643499289582801e-01,5.526479330258873279e-01
2.991825185712155832e-01,1.913363352217771762e-01,2.544975578307800967e-01
7.064299667356659096e-02,-1.266084285004311638e-01,1.126155469925390840e+00
4.394601046008587142e-01,9.156217294652141403e-01,6.066890146964263320e-01
3.050033795892004296e-01,3.626083274476227247e-02,5.683901041288574874e-01
7.357603662871342598e-01,5.579780839541311765e-01,8.192373071152946329e-01
6.939582600414112568e-01,-1.184479479976908306e-01,8.205452699595628951e-01
5.323293654952888643e-01,-8.394452360554384429e-02,7.781802941546156482e-01
4.750509166979634545e-01,1.072093306103431454e+00,2.615912515664257920e-02
1.096824750215162625e-01,1.725148770743517856e-01,2.378742989731543744e-01
3.358483605606583655e-01,6.337488098304789874e-01,7.219873966947649713e-01
-2.490548910011798345e-01,-8.543657128209428131e-02,1.100401854592450990e+00
2.721546573712942951e-01,9.003256169231734773e-01,7.595387815728839032e-01
1.612833081160672533e-01,1.871210437028499873e-01,8.650602191423931719e-01
7.619389802308644821e-01,6.319343636483362170e-01,9.047257212460376730e-01
6.865095644671964648e-01,3.977451643267859716e-01,9.138898884389276001e-01
1.033105792598685513e+00,3.459291211560387991e-01,1.042675330030867764e+00
2.612193346439768971e-01,5.952058570312270813e-01,8.547313692466206037e-02
6.001765364548963255e-01,4.913569519292724785e-01,4.710809747214966814e-01
5.890998862162377669e-01,1.061940717714197902e-01,7.498493316787949725e-01
5.081681238455878491e-01,1.062509676761646871e+00,1.086177575842929843e-01
5.036699125097215263e-02,8.912408862013410094e-02,5.422354329582884658e-01
5.415909015783418878e-01,5.796483393100290149e-01,8.789913057305335231e-01
5.883666229080658505e-01,9.093773614979804298e-01,9.383537263545922436e-01
7.755193581487976884e-01,1.124684849586665425e-01,8.350974564643398601e-01
9.578448492936635361e-01,-3.359621977100222256e-01,-4.042101526236698827e-01
2.522533096599346991e-01,9.700342814941698144e-01,3.970187695714020304e-01
-9.892369760666203451e-03,-7.542019809804467734e-01,1.611969275908345933e-01
5.621564605555618988e-01,6.452499898346143459e-01,8.333464436394185659e-01
7.918709494103557400e-01,7.606438412036786723e-01,2.959479450171967341e-01
2.076032469410401260e-01,2.852187486335280159e-02,6.274402635951272789e-01
1.075375611593907488e+00,5.757162503136478149e-01,7.386439312846717620e-01
4.849419340749464569e-01,1.057030771814538195e+00,1.593827948507381131e-01
7.006116816220671062e-01,8.368207208250121321e-01,2.967652326151969389e-01
1.963191976679593553e-01,7.084865963172126690e-02,6.673119556779116834e-01
-1.812523517462054645e-01,2.887380716650736479e-01,1.914390492952007805e-01
3.952756571780643990e-01,7.313515729054582692e-01,7.469415365749966229e-01
-9.942424470536165293e-02,4.929936119814639500e-02,5.083724171884174137e-01
7.468564588395465442e-01,7.786983289530877705e-01,3.981978069830219291e-01
-2.471738272236841671e-01,4.711954613935148001e-02,7.835290570290560641e-01
4.023988246329557317e-01,6.911281657657613042e-01,6.271657976031762560e-01
8.600696598616489608e-01,2.256280932317382415e-01,8.129877254328717884e-01
-4.826087215940713104e-01,2.186449277239220501e-02,9.658343567281936215e-01
8.233261657838087944e-01,3.073263521473008630e-01,4.909278230090738382e-01
8.385297016199558806e-01,6.860183570677494957e-01,3.913677505575344773e-01
9.075044225840265266e-01,5.902787701208396243e-01,6.913405837531884091e-01
3.613494538062893002e-01,-1.099083225491947619e-01,8.950086431765649220e-01
1.804050746065185840e-01,9.593740551701125385e-01,1.006951770902383414e+00
-8.702413145739444633e-02,4.661751925159151461e-02,4.699397731511005816e-01
2.802437584376463175e-01,2.273694900429752419e-01,2.740299574013292383e-01
5.238424861172106262e-01,-3.591600566452089471e-01,-1.441181928412512414e-01
-7.996058009433863745e-02,6.362742232183787872e-02,6.706332510166692629e-01
8.525793168780839704e-01,7.366901584159133431e-01,7.669683336240507021e-01
1.911416753235979371e-01,-1.392201153598772723e-01,1.108267887132852181e+00
7.822325681113544149e-02,1.035053392069415601e+00,7.174263290277815841e-01
9.014883064741593399e-01,8.624078112886507386e-01,2.341368249831854431e-02
7.657787943366077821e-01,2.984650761207251479e-01,5.944719637027962023e-01
8.944086376554191142e-01,4.945849973675067179e-01,4.369982445388228554e-01
7.822345578805166566e-01,8.587631933529433770e-01,3.506263677014437308e-01
9.565958847919940888e-01,-3.705304171329427687e-01,-1.946271354108567719e-01
6.928432445052036259e-01,6.065961484027646566e-01,4.510281962562286973e-01
5.058028979647675172e-01,9.524576522839276471e-01,9.869086501742215800e-01
5.504824026878864934e-02,9.650130936194051268e-02,5.349912529801449379e-01
5.730283324499088060e-01,6.502430737261372107e-01,4.974444627250402262e-01
7.847488889981490967e-02,1.383061378891619064e-01,4.097206046777324695e-01
6.032082727018146517e-01,8.016921334010795874e-01,2.378688182364087078e-01
1.609875529444853570e-01,3.747110711166939945e-01,8.728494589381210478e-01
1.025237977370570264e-02,7.268562483664982032e-01,4.808389071515561941e-01
1.001291596564672093e-01,1.340517630417899508e-01,2.146619482538944246e-01
-1.941370013492852986e-01,5.837217837211802762e-02,6.772260639312200903e-01
8.673455066605251229e-02,-3.468103283006811199e-02,7.525983633478690038e-01
3.912525495764986871e-01,9.316856216506300692e-01,1.649844370908887525e-01
2.045186959508687174e-01,6.983949780254780637e-05,7.356212980627546694e-01
-9.498212545090434222e-02,-3.732690409530818598e-02,8.617779793228540486e-01
4.860840790172786252e-01,5.087629309705631320e-01,9.890813157362614294e-02
2.665914294356278580e-01,1.302872545972460494e-01,4.133077345196976560e-01
4.398273767559187086e-01,7.452407328503581896e-01,7.419469013638407828e-01
-1.846562639013838159e-01,-9.992956037470976383e-02,1.111825289340255374e+00
3.364100041506348782e-02,-1.354223450897530656e-02,8.527362289152142782e-01
1.198502026874484205e-01,-8.428647606910452672e-02,8.607261752901593788e-01
-5.269897950522711011e-02,5.669867562702352037e-03,7.297802092766330073e-01
5.474879387509996587e-01,9.326285098557164366e-01,7.503420950369066311e-01
-1.668902902498894669e-01,-8.384289435779261890e-01,1.742072804814272791e-01
5.319145128671757261e-01,-1.482708135697985707e-01,7.907043055767941642e-01
6.869920739182031610e-01,-5.905613458377020897e-02,6.883358699977081274e-01
8.230962829787387136e-01,5.588422093962996939e-01,9.881616479649635298e-01
9.124132638112608662e-02,8.867309397128104731e-01,6.274296991628679487e-01
2.376570804725813835e-01,8.258360939848843896e-03,6.706749357865918748e-01
8.169063145724593522e-02,1.338653684460051063e-01,4.410519216307822732e-01
5.346150925250642283e-01,7.805366765609172974e-01,6.700428668432454327e-01
1.444585482699556889e-01,-1.194595373592027554e-01,1.040219858021818711e+00
7.283280071577632464e-01,4.298458727660412482e-01,7.922593201070313729e-01
6.415335889456226237e-01,8.114891271707196374e-01,1.627669464268991228e-01
1.082079844175642125e-01,2.050172412760606078e-01,-9.903997918570484754e-03
2.091430118603678501e-01,4.753669438804483671e-01,1.804636686948627999e-01
9.148696283995676193e-02,1.963312439032210630e-02,6.626869809169148029e-01
3.249333467160575584e-01,9.046914031340809181e-01,9.068400004623260457e-01
5.151450518610546370e-01,9.847222114931212245e-01,9.782628718472130558e-01
1.607439034860565774e-01,7.483992927651018923e-02,6.059756217713426762e-01
2.075649029816181435e-01,2.094518544770556934e-01,1.828764561899460239e-01
6.614285254666339986e-01,3.701589958248003853e-01,1.663990960010353071e-02
1.836729341866615572e-01,4.968543788374480963e-01,1.033417670285608159e+00
5.288939436367326996e-01,-1.887749210015574886e-01,1.580655687819008670e-01
7.689800996728826110e-01,7.882394000593213601e-01,1.350258468115607957e-01
1.063901839160434681e+00,3.602083507290546605e-01,1.037714542488239244e+00
1.785419021899363745e-01,9.802277308327768113e-01,4.114217549646354555e-01
7.228365468774204938e-01,7.655564880342525802e-01,2.801027999730657525e-01
5.434402759997039034e-01,5.994265293144247497e-01,4.060394876782837809e-02
-2.583143814065027022e-01,-6.939585085583586943e-02,1.107806610037665118e+00
2.689631816603867409e-01,1.356696513443485935e-02,6.417673228830731436e-01
2.899859537062084991e-01,8.837804590279634276e-01,8.358489876263364149e-01
7.189531194005196468e-01,8.267536096684049984e-02,1.957511944837960483e-01
2.905628007836890681e-01,3.125963775708275327e-01,6.675460435682226690e-01
-3.959080415024804900e-01,-9.809235883992920013e-02,1.246499623562959957e+00
1.033437907945010448e+00,7.075874962919148636e-01,6.643763365563466472e-01
3.881768333474345245e-01,1.651105978998994861e-01,2.306847357412938337e-01
4.142849623537490644e-01,6.636704129885194758e-01,2.223930348067490112e-02
8.622108205661426217e-01,8.375517255619968626e-01,3.306388973938278464e-01
9.950197447826234498e-01,6.944478796860340530e-01,3.631367363259651038e-01
7.147093292117785435e-01,1.950056160213148315e-01,1.848984273987250571e-01
1.501367598607604714e-01,1.624475463326375824e-01,1.337520529828170046e-01
7.475794482953236342e-01,3.351110232658928156e-01,3.621565843688593356e-01
1.825102147602638072e-02,5.165371527918286021e-02,6.291091473679529811e-01
3.097567030569826074e-01,-1.447866518522086532e-01,1.045675567893285418e+00
2.978604843211475339e-01,9.637393478901346011e-01,6.136461845096490286e-01
1.730808765885825939e-01,-3.814329114433868961e-02,8.328803377205411529e-01
-1.002883863696736877e-01,-1.054886870680223770e-03,8.541215925787664087e-01
9.678729062604780609e-01,-4.267962204202522258e-01,8.765523622805958259e-02
5.126690975418470853e-01,3.491888488064180396e-01,7.975458542188523792e-01
6.717004543423529261e-01,8.206914763346941921e-01,1.311227579770838647e-01
7.239201107237535071e-01,7.568741702668001503e-01,4.880384489156197048e-01
1.006602625110080362e+00,5.903599671616214239e-01,7.213360131448040002e-01
2.381225895328268893e-01,-7.965224087037937883e-02,8.575405173086103616e-01
5.562368973667830563e-01,-2.976354096943450989e-02,1.502515421449673871e-01
5.764444235736314592e-01,8.460632828703795738e-01,4.020691043461807057e-01
1.576197929520471441e-01,-3.877794003524647620e-02,8.495381112814903712e-01
9.274510856779261125e-01,6.667268691504468769e-01,7.943156613478794537e-01
9.362466511399502034e-01,1.002841998431990955e+00,8.242269156540843467e-01
6.725861342910703922e-01,6.149486184384923559e-01,7.458208674063002697e-01
5.102479472708719710e-01,6.562089568467774914e-01,1.018497481766060142e+00
2.278619268962653599e-01,3.759447894047876493e-01,6.713116136038308479e-01
1.388941341244027128e-01,1.335460106630614874e-01,3.835927285769404893e-01
-1.501096284413857562e-01,8.140007698615039922e-02,6.540037960747822066e-01
8.272342847336197971e-03,-8.649719301671821015e-02,9.867559633185498669e-01
5.240499868411612194e-01,9.494221847485739829e-01,9.258028461315327418e-01
3.819394150029644108e-01,8.143478522975714506e-01,1.520343908210484707e-01
3.462097492703939405e-01,1.101189635709115822e-01,2.515126068865908837e-01
8.029962177067333506e-01,8.667850617493388921e-01,1.182602033299534061e-01
2.731237869897766291e-01,3.024017672355358566e-01,3.089839883658067055e-01
-3.463892408671333523e-01,2.012632002392911734e-01,4.449445761051339931e-01
-1.741552627360874045e-02,-3.252639411170357708e-01,1.875236619999612591e-03
3.282905672599975011e-01,5.895290911404009737e-01,5.995829483434720331e-01
1.630037130691825431e-01,2.706079891276188532e-01,3.702106770087777443e-01
1.607970031790416920e-01,-3.601813843384118335e-03,7.088193842990087035e-01
8.771995194952019181e-01,3.427247912831078436e-01,3.109540206589131439e-01
9.128110807823681672e-01,6.310538832050602842e-01,3.602118905379868008e-01
8.009555290363283842e-01,-2.888543268940366171e-01,-4.273662982517828501e-01
-2.336539654108932551e-01,1.759512139219359533e-02,8.448557597980229650e-01
8.369951283338290526e-01,6.725950389552416420e-01,6.552305617608237265e-01
5.390998083415896591e-01,-4.778462285308769930e-01,2.635237432590606388e-01
9.402267243062542024e-01,8.652279369573434575e-01,6.370709708775045277e-01
2.328173844102120749e-01,6.738468435171767190e-01,6.900757150961961406e-01
1.655924395769119428e-01,1.588313530874835844e-01,3.488271901564809485e-01
4.032547303337919442e-01,6.741407790882880668e-01,1.058745419495784823e+00
-1.766375998810929826e-01,2.305603569523721474e-01,2.627023367990284353e-01
9.181243947142070372e-01,5.717690644193349492e-01,5.618239550790219416e-01
4.793682172163726274e-01,2.537682463751923523e-01,4.429622508884260845e-02
7.068082210587354197e-01,2.998411740098465630e-02,5.515971039355822558e-01
9.109543180696181297e-01,6.771289535273238291e-01,6.946172496789279061e-01
4.395664782083463784e-01,1.073662129156782857e-01,4.035178808080682189e-01
-1.226071862914828309e-01,1.879836087755951471e-02,7.213549458861077124e-01
4.357640751544074043e-01,-1.421920778325526935e-01,1.000952727989708357e+00
6.192556372600767078e-01,2.615111054268729474e-01,5.424959048760757963e-01
2.225792410348322869e-01,2.450181925167256927e-02,6.025086719242657152e-01
8.684085976484730018e-01,-4.579628193352386356e-02,7.574859567251945869e-01
-8.907750058234201185e-02,2.611281488755578528e-01,1.258214329150623145e-01
7.536673131873848908e-01,4.927644741564518038e-01,3.020939679192116874e-03
6.023670925660912223e-01,1.103546224080441812e-01,8.838341076516440520e-01
7.930604918071850751e-01,9.224237445404421809e-01,1.982817352651412846e-01
7.159291530922169411e-01,-3.415597464931339339e-02,4.793194433922255415e-01
6.512787380315475660e-01,4.413595344964214157e-02,3.670670167611252421e-01
2.508457307072177178e-01,2.236306343416620893e-02,6.462042769218110383e-01
-2.529216842711296542e-01,-6.755795147843978582e-03,9.151383722649664154e-01
6.013584828473000909e-01,8.620957804271286440e-01,5.233578462941896881e-01
6.881742876089769201e-01,6.336449804393528007e-01,8.598343330271923657e-01
9.361743625289686843e-02,2.897781069990773561e-01,9.296724473167389258e-02
5.559926121522578146e-01,3.783331365851432260e-01,8.104022126414760496e-01
3.372196047555437448e-01,-3.586380052154432008e-01,1.029936230031459621e-01
6.630578216858835638e-01,8.069246289768698954e-01,8.971608052183134285e-01
7.489988697575757914e-01,-2.964741046922687584e-01,-5.501603429529149103e-02
1.841380123147781656e-01,-8.630824733540151672e-02,8.850219405838556375e-01
5.158229898417073800e-01,-3.057674568050552932e-02,7.090234315871717374e-01
8.530659348099688399e-01,2.934254634034855203e-02,2.618566462487323387e-01
2.035025212948116113e-01,-1.030881204810070728e-01,1.007677825579907704e+00
9.861508757170264206e-01,8.704430554244970697e-01,9.053844940026448684e-01
3.390144887041507404e-01,6.401884864974524136e-01,6.320507042245826490e-01
6.228202740481640909e-01,8.899575710371536719e-01,4.139209089512921880e-01
5.832920638174533545e-01,-2.845077491111047685e-01,-3.512333143046190154e-01
7.930170037989690002e-01,-1.684875477899293872e-01,4.176300434088360825e-01
4.941341330106882590e-01,-2.750649333940520802e-01,2.668633240595427170e-01
1.027954911946188821e+00,5.427163823066465387e-01,1.009090779966597129e+00
1.001060987062257324e+00,8.264255241031498445e-01,4.067066767903375624e-01
3.163333346549039582e-02,1.327769021805710534e-02,8.083610001866828876e-01
2.052481143232672833e-01,1.505772413382611974e-01,4.482356884696986343e-01
7.490722818896689006e-01,7.851093359700201946e-01,5.143550604944164828e-01
-1.015797996549356805e-02,-6.540580753832440919e-02,9.878129268260115170e-01
7.181510025905771810e-01,4.919129343818094413e-01,2.814864878670740866e-01
2.730999798765839093e-01,9.361423855152606333e-01,9.400443287292652439e-01
6.010147165013453030e-01,-8.376436845447307600e-02,8.094193777869036488e-01
1.482082536728669409e-01,6.655688007512420290e-01,5.335560855931632540e-01
2.150412578422402909e-01,9.033039200012852321e-01,1.689093295034731212e-01
7.849621130307730121e-01,8.874960638973899973e-01,1.068082314022193446e-01
5.138319867645237959e-01,4.658690055222571291e-01,1.005582987391974825e+00
3.116537512006701260e-01,-3.848230232385679850e-02,7.988834600022207688e-01
2.649374639186079516e-01,1.010895807119553069e+00,6.910337737806098168e-01
4.297156616052816291e-01,-8.096615764100614787e-02,8.605582618649938453e-01
5.841438561504120885e-01,5.114457854551248683e-01,9.642725089012263995e-01
9.449607547879627922e-02,8.374421073800097925e-01,2.115659503115180917e-01
9.704709627062690913e-01,7.011014182613369838e-01,9.863656638710596170e-01
6.263162583389076943e-01,-5.779250519333213598e-02,7.292326771796294738e-01
1.525343306244686947e-01,2.110314144715866036e-01,2.513099053634015312e-01
1.244492264686549166e-01,-1.021599327634499857e-02,7.844888227521991109e-01
2.076332579197060768e-01,8.163708798962602264e-01,5.128717059431008307e-01
-1.879929790413066570e-01,-7.342059915337494080e-02,1.040858955030907529e+00
1.029870748155825355e+00,6.933625165811158064e-01,4.355351609060757467e-01
4.890594704473669174e-01,4.940222676295468185e-01,1.003646502757196357e+00
5.201567577880480409e-01,-6.857464390850239941e-03,2.117647663326313601e-01
6.510621628531336469e-02,2.145722916219503507e-01,3.118297632832179311e-01
2.486422450964466679e-01,1.018973539015640917e+00,7.612486230237662799e-01
9.212666693073623403e-01,6.732367613717497035e-01,9.974911711898417632e-01
3.384786036944814058e-01,1.013976815201782733e+00,8.805206523313672262e-01
1.048624364019725030e+00,3.951033733845344953e-01,7.963603710637049415e-01
3.258132402045695319e-01,7.937780167953958355e-01,2.486844223632664885e-01
8.699364860048695025e-01,8.400101476497678910e-01,3.199545207915250877e-01
4.748855681974983312e-01,8.183924289272204167e-01,5.859053841769248372e-01
1.642492716265956006e-03,-1.229979448543887660e-01,1.033082283501040921e+00
5.732743207162156462e-01,8.826869580631773182e-01,2.194296143098838914e-01
5.778052831029232284e-01,-1.366622452549264843e-01,2.467723307031468027e-01
8.110145454899359008e-01,-2.446558838792092100e-02,7.009090590760016504e-01
5.458727141938678473e-01,-1.405008067278559758e-01,9.202821552345279432e-01
7.212908886511988360e-01,8.985442499032491037e-01,1.017784520925846703e+00
1.918101221381129928e-01,-8.014203248994693218e-02,6.631556101648263812e-01
4.652743973698508784e-01,7.250535517267765462e-01,7.787851972396074851e-01
6.789367419366866552e-02,-4.131523731504214980e-02,9.080305758723892229e-01
-2.340508676373833086e-01,2.360992417960146028e-01,3.202502971841017509e-01
3.582163493202782378e-01,9.428035860880950025e-01,4.701637368581447762e-01
2.272097997073364017e-01,-2.781378364588903140e-02,8.252348883799960344e-01
4.654704900004719148e-01,5.505730114250833029e-01,2.077289257602025763e-01
6.667684751471359972e-01,7.210000921321779721e-01,4.214517698329118267e-01
3.607274907669861252e-01,4.767753277280648017e-02,5.474818063955794178e-01
1.077149624671210892e+00,4.736589761472861926e-01,2.137726765576513643e-01
4.797207216858750400e-01,6.889189438893855710e-02,3.634503577389711637e-01
6.591370817334268883e-01,6.178482504664236652e-01,1.037370692052844268e+00
-7.212857501997586851e-02,1.177552038019546721e-01,5.102004950454014365e-01
8.387975616494242059e-01,4.232788522442004209e-01,6.443475957808197929e-01
3.722815857918348459e-01,8.920984416824409013e-01,8.211939228798466051e-01
5.847897106028777658e-01,5.687617312592349594e-02,4.907011078171231167e-01
6.079245609260225391e-01,9.063905137853525140e-01,1.431938128995386417e-01
7.563743010853450910e-01,4.093669928190254437e-01,4.054796544838046302e-01
4.532740390281767007e-01,8.258035687945264325e-01,1.086844132616211489e-01
6.081513712864994314e-02,1.287078808585262191e-01,4.598162958375534570e-01
3.261466161463381641e-01,3.235565184243034409e-01,-2.521802202376854582e-02
9.676762506124730878e-02,-3.719956069795125886e-02,6.474867640886187159e-01
6.292553869819399459e-01,4.685346426771156564e-02,4.964841621796045601e-01
6.433370075281232003e-02,2.570973349987837331e-02,1.243967457846978895e-02
4.720692516072361178e-01,7.480911936444271104e-01,4.564871671248428853e-01
3.931322133201822777e-01,-2.759073773560332885e-02,7.472729961935447029e-01
-3.125613225556060915e-01,1.507764760935931536e-01,5.353893311125583754e-01
1.817287871392622989e-01,7.596212018176570213e-01,3.781779449636225032e-01
7.943836368437634521e-01,7.536814532770018671e-01,4.490410452252283080e-01
2.935500565789612160e-01,7.025420731901642624e-01,3.769369508637785415e-01
7.533926121462314329e-01,8.445451587845552721e-01,4.765275477718085573e-01
6.506892661726381144e-01,-4.007779947639879548e-01,3.027321526009917330e-01
4.633340176100798624e-01,-5.290056667037877636e-02,6.015495409326930831e-01
1.418398840257978355e-01,9.267091763262437221e-01,8.387182494346975270e-01
-1.065649809163433936e-01,3.949486810845243695e-03,7.723789298317553786e-01
8.702642818807797553e-01,-1.341701958859132238e-01,5.431680495389753505e-01
8.268699172294835531e-01,-2.613775244715398349e-01,-2.780699164648098853e-01
8.395913349152821503e-01,2.748485684740525903e-01,2.091612604879535264e-01
4.368928929307241971e-01,1.972332606213567929e-01,2.751021322535316393e-01
3.963168908339755880e-01,5.020205662736372254e-01,5.798863428158787525e-02
5.119125103086183959e-01,6.089580919725966490e-01,6.885752554609390064e-01
7.524825161881469882e-01,9.844389995226406898e-01,9.174762508982321485e-01
4.128224530019312666e-01,6.875714753808920277e-02,3.971754466678707463e-01
5.843565255202757269e-01,7.667153723849724489e-01,7.300613909068672802e-01
4.988583226891721845e-01,2.711296974506979263e-01,9.304392292970572464e-01
9.243071543200103157e-01,9.944653772556927285e-01,5.089030079585428468e-02
6.784217828746164081e-01,4.485201493883221868e-01,5.972632854718665785e-01
-1.817064822049546668e-02,7.187179892854590746e-02,6.159405818064410676e-01
2.257429181591368017e-01,1.317471801939141263e-01,4.135247962614674311e-01
2.678715382163568415e-01,2.558413234573824191e-01,-6.226733326764450488e-03
-1.707009892696973591e-02,3.227931898875939787e-01,-8.287875776387296570e-03
3.003010694053785956e-01,3.496928774532033213e-01,9.651772639681318600e-01
9.054223642431715735e-01,8.102797184009243869e-01,3.347535667474509369e-01
2.251821685415335006e-01,1.082068791087248627e+00,1.360750156402747990e-01
5.567808375939941046e-01,5.932073562188096005e-01,-9.367483090402525109e-03
2.419568048400469185e-01,9.309525737071340235e-01,8.109373859500224047e-01
7.766275126396218198e-01,3.253075628900610194e-01,-2.919593599175837259e-02
4.191303149244335891e-01,6.467026884841612366e-01,6.925860573432756073e-01
9.290813051886358254e-02,1.079585775073698573e+00,4.272289390487534755e-01
9.699428422485955048e-01,6.676656203055484351e-01,7.078105796154380291e-01
-3.228557618558496323e-01,1.923547319377151843e-01,4.395535999734312416e-01
2.333608396164211785e-01,6.034479052869018423e-01,9.468249117120568492e-01
5.876703427859314433e-01,6.957618201793536183e-01,7.515756610360038170e-01
6.008368552129459417e-01,-3.101942305037375114e-01,-2.506655438999718655e-01
-2.185997904775049266e-02,1.828881200783802063e-01,6.059279652449826026e-01
9.728253390689111102e-01,9.453911022551637622e-01,5.624468412644842985e-01
4.015190469672938467e-01,6.860393088043937881e-01,4.331418573934588401e-01
5.596026134425485798e-01,2.134753606019395011e-01,1.894200116623211139e-01
4.573401009326427680e-01,6.239251347042203966e-01,1.003001187283046658e+00
1.293644212482390199e-01,4.826348074041907910e-01,1.011329478297657181e+00
7.894047637498659009e-01,1.009339802993028945e+00,4.859738839924979126e-01
3.782863618111778070e-01,9.644629983924791761e-01,9.200037545620132207e-01
2.964857023798499469e-01,5.468376093962212803e-01,4.514046713873852701e-01
4.604888023938762398e-01,9.509000474783521062e-01,6.622206194555882997e-01
7.126374238904648051e-01,-3.885074838306998846e-01,1.145564497484506672e-01
2.641830900050051723e-01,1.542412258757377974e-01,2.916594721907641574e-01
7.786701019949727742e-01,8.579661619283839025e-02,8.740693472009936071e-01
-3.902204562889782791e-02,8.106504521552995723e-02,6.033603888694709649e-01
6.792898724052635062e-01,6.404077595333890205e-01,7.111785724205613723e-01
8.015109396734457770e-01,4.002663952608403672e-03,4.379164411800633983e-01
3.578616743537578193e-01,7.992217605603172403e-01,7.040156863380195862e-01
4.998684066010590787e-01,5.834088741941021589e-02,4.684322118886442010e-01
4.079645154160531639e-01,6.833718121640239840e-01,7.337535948375302208e-01
3.762198240727293586e-01,7.409485389595599214e-01,6.753821396744298378e-01
4.891830182193944720e-01,-3.050010637051056572e-01,-1.651923999328540893e-01
6.359889395385450728e-01,2.308353203337844550e-01,6.965164378536574663e-01
4.184726896180121503e-01,6.914810624341486411e-01,8.764556371016404279e-01
3.962803826257315643e-01,5.136789820794510630e-01,2.175132680891765646e-01
2.339433835483595014e-01,7.430449227475892648e-01,5.389525335226245106e-01
2.377440788583476683e-01,-3.295893723601944214e-01,-1.218315279959960862e-01
6.332781372790619034e-01,9.294208443370506334e-01,2.660832948546749122e-01
7.678307843789279330e-01,-1.229806866403821003e-01,7.235825992986184563e-01
6.593309002697146370e-01,7.135653338582804706e-01,8.326605618257562069e-01
5.524019653762924920e-01,8.742199057879737056e-01,7.776426276809218496e-01
2.387073927394890716e-01,5.872840157819356754e-01,4.989748494091625353e-01
2.938832264788228121e-01,9.176744770076263880e-01,1.417354210820224170e-01
-7.911065711911365039e-02,7.215091575721652162e-02,6.122680684395362949e-01
5.177993218200281911e-01,6.256055091813569891e-02,4.305045425758421418e-01
6.622016952654546929e-01,6.332679596887953455e-01,8.719180310510361576e-01
5.608909921262305032e-01,-2.810078405535567647e-01,-3.900718343387598042e-01
-2.597386152870681530e-01,-5.687371702760152248e-03,9.332417908309976751e-01
7.489168277583569955e-01,6.647426811860561724e-01,9.013492589138480948e-01
1.745183594539524152e-01,9.212964907067632270e-01,7.786711579863365706e-01
6.339077794580677550e-01,-7.982111125288682274e-02,7.538613329615482250e-01
6.736319373918218112e-01,-1.439699078769267511e-02,4.388452116061313246e-01
-7.744804565487492520e-02,1.857789135213582798e-01,2.315111288545012302e-01
-1.414118225945588114e-01,6.887338532759385012e-02,6.438765455091705059e-01
9.429773507617053019e-01,5.278413686847049924e-01,9.804861760000175286e-01
6.300902798265126670e-01,2.278883011746971610e-01,1.027397280860465334e-01
1.758457595835356269e-01,4.930990086001820621e-02,5.496337878797994403e-01
6.542283151906582717e-01,4.166357910631968697e-01,1.355436934481879518e-02
1.176487557163274772e-01,-9.083414721822263144e-03,7.625570373414609637e-01
8.596736718998873039e-01,8.361368454926956240e-01,7.327639302548056843e-01
9.733302599624983342e-01,-3.719307063843134697e-01,-2.663063944229585589e-01
5.467082667680008834e-01,5.639337388649253713e-01,9.731086934427352064e-01
9.091313325079354302e-01,9.638374490578833775e-01,8.161920353508690384e-01
7.755858589365144384e-02,-8.150723058686604183e-02,7.561675751517183963e-01
3.899907684651828244e-01,4.236617651836405707e-01,8.521867708754543580e-01
6.565923582345344345e-01,8.701788566491669430e-01,4.281706883011375808e-01
7.548617692923710321e-01,5.716906120168533390e-01,2.597844690406631574e-01
5.315825943160853995e-02,5.584726556005131792e-02,5.745933248966786921e-01
3.602584852874432531e-01,2.593611694978856796e-01,6.250478547570064158e-01
3.170760757545200703e-01,-3.345275793747211346e-02,7.174029691821739441e-01
6.663420514908436898e-01,4.117060218904439184e-02,2.285690075561173928e-01
6.799493114028927199e-01,1.376769390624790479e-01,3.574749322955391162e-01
8.706550906467018791e-01,3.976883448352840356e-01,2.208494070161983736e-01
7.919026711734789004e-01,7.177584310512988841e-01,7.070721522709866314e-02
3.422834499393172525e-01,8.893202212138819895e-01,9.348904270064976041e-01
1.400955828376785062e-01,8.672872357874104043e-01,9.835575094750625968e-01
2.718333876514758551e-01,-3.914844671049422797e-01,-3.709040673805940984e-03
9.968235793735444328e-02,2.453249264724101653e-01,1.700891495524396169e-01
1.164258341395307955e-01,-2.486830551184721072e-01,-2.470184880883456724e-01
8.602640510933194928e-01,-3.553916259848849402e-01,5.539430129000684488e-02
2.603817329872100753e-02,-6.144108826930400058e-02,8.628474988821536185e-01
2.088784030385922030e-02,-9.405606734081395359e-02,2.167491920242429482e-01
1.040013508863988356e+00,6.730214008601836939e-01,1.302697884194682354e-01
9.839012019385704466e-01,9.707428369078717756e-01,9.535046610655043553e-01
7.435560303062684895e-01,6.376131609926104504e-01,5.533388747221940074e-01
1.713681830998014799e-01,7.079119547044587790e-01,5.204083926962125295e-01
7.094811934124573005e-01,6.540178718812315051e-01,5.630407198007419955e-01
6.626039231990249467e-01,-3.510433500966447240e-01,-9.498980094888936909e-02
4.894158495621105942e-01,8.781046182302602032e-01,4.656654876414828559e-01
2.172607001770523460e-01,7.598084622846944525e-01,7.709597678744596339e-01
3.770859457397087167e-01,1.617570053833003799e-02,2.054026976205196309e-01
-3.965623428449546184e-01,1.699974344072402721e-01,5.463386820484710249e-01
3.243482730233487876e-01,6.972140377478067697e-01,9.615650504731109161e-01
7.660845900366746175e-01,2.690961871387637649e-01,7.657530294231779111e-01
3.724978501100169592e-01,2.779028108693711308e-01,-1.355419281906256046e-02
8.110201604434369438e-01,8.469824157577533486e-01,2.748579917543059192e-01
1.586828349709432096e-01,1.829276312473348820e-01,2.098254448384455351e-01
6.159585019424507202e-01,5.915415473087258791e-01,4.922731232334140450e-01
4.547357354001087537e-01,7.536277872156984525e-01,7.267501943809778764e-01
8.233890452384569070e-01,7.688599239210618386e-01,4.180761621231077751e-01
8.155635695412319919e-01,9.158168574746575752e-01,5.782693100511697715e-01
7.905647021183969114e-01,4.803467701141357904e-01,4.244782726711289755e-01
5.627752043477973753e-01,3.847705242512571011e-02,6.677693372644872838e-01
6.137400158440131648e-01,-4.356505566561599263e-01,2.862274562530857103e-01
2.300195632244546318e-01,-3.242959852337014282e-02,7.622983624007662051e-01
2.885450248350936997e-01,7.968192066432884246e-01,6.666116648746790441e-01
-7.801251938498917834e-03,-1.008779676786422247e-01,1.698911471784813471e-03
7.036602367042470441e-01,7.544979630658852354e-01,7.298632428930695859e-01
7.700075005033257813e-01,5.738467197527563624e-01,9.372016956958663103e-01
2.939682714015157128e-01,3.549656763931506864e-01,5.723950933080527159e-01
4.292481896964415733e-01,-1.287640956913226331e-01,8.966854579122998103e-01
2.022715829345782257e-01,9.388111427936315923e-02,5.551705513367006795e-01
6.356939383162633905e-02,2.662765119024464444e-01,9.331957279265133687e-02
1.522769605265288928e-01,1.177398530839579849e-01,4.396146510600363877e-01
6.494141725415261135e-01,8.654139442829218432e-01,5.034391883817271873e-01
-6.233168124163217944e-02,4.186959530574111410e-01,3.738546499384690774e-02
-1.498021472641535567e-01,-1.082012016914073449e-01,1.163709930714022400e+00
2.921763738434985380e-01,-2.637604963321204532e-01,-3.099445538846439252e-01
9.666811024730398438e-02,-2.425569511397725198e-04,6.590331500301029877e-01
8.082923182879623303e-01,6.699947009124462838e-01,6.034921259813311734e-01
1.352577414655785071e-01,1.026098162781784728e-01,5.168905889865613723e-01
2.467148995700179925e-01,-1.437132373526054108e-01,1.089145809513360152e+00
7.389664374556836890e-01,6.590503662816659114e-01,7.430171306104303985e-01
1.114893926783387113e-01,9.084674115587445531e-01,9.276632541415102962e-01
8.620857930899338273e-01,6.360271175636992291e-01,8.035303121187484798e-01
-6.883423167857721792e-02,2.919624099992593758e-01,8.921294003685746599e-02
-1.901931887269388832e-01,-1.483355993958395680e-01,1.307752039641896680e+00
1.847480861929980400e-01,6.868679020096174481e-01,6.450964943827450782e-01
-3.465480517421778983e-01,8.947700729297343447e-02,7.364981129212582189e-01
2.889651674949302862e-01,8.533834627553683883e-02,3.009164458931925523e-01
4.994631229957687685e-02,4.924830118071904517e-01,9.446997085051338505e-01
6.623362990504881864e-01,4.735969015005636051e-01,7.043951386301097184e-01
6.803451053384163005e-01,4.587772277917439578e-01,9.538154701326200247e-01
8.587143291649785848e-01,-2.963311953789800057e-01,1.429955789869024885e-01
9.856452887174063093e-01,6.285558316986999960e-01,1.251580307641040335e-01
6.089772202575628457e-01,9.494085244363018594e-01,8.028645804207316106e-01
4.644661221790105099e-01,1.017404225162977127e+00,1.988078698697410274e-01
1.974624619662838920e-02,-2.985642308640323872e-02,8.564307882384788462e-01
2.351567516609027464e-01,1.000098187385283666e+00,2.342266157390647252e-01
7.573757878776420094e-02,6.616176016124982739e-01,3.650947834238707501e-01
1.886420908001561481e-01,9.222127291537628446e-01,6.382644886493742398e-01
4.228492763494167139e-01,3.719009338370309337e-01,6.338368939817540237e-01
5.465858357980970909e-03,5.715699258593629484e-01,1.632015332686269082e-01
1.364336112318336180e-01,7.138654130823284261e-01,1.049612785107516766e+00
6.200057214699298269e-01,-2.633287130247438657e-01,4.047573393891653604e-01
8.502710782549420532e-02,8.781945910678170542e-01,7.515777721632440622e-01
6.664939595524186355e-01,5.769914338965164147e-01,9.181992541342960390e-01
6.025943222858662907e-01,7.773123171538842691e-01,8.760821698012782877e-01
6.834137594516432879e-01,9.374259426784797844e-01,6.766539485261430231e-01
6.510224343272528191e-01,8.310501163873634800e-01,3.333927010810613378e-01
5.541290941655158120e-01,6.801907564911529036e-01,2.894611867155034712e-01
-4.364230555206658618e-03,-8.601424316371189538e-03,7.444859919979308627e-01
3.793644552441490791e-01,8.940935848183196866e-01,7.827998140314471609e-01
4.968019464982525446e-01,3.713695275136080221e-01,6.059281285340024636e-01
-4.092896719059441191e-02,5.604082451234133899e-02,6.792766544065120815e-01
1.123218570835516072e-01,-3.208116693818706122e-01,2.847738741629965084e-02
4.087893356999754424e-01,9.655079837506254092e-01,4.611000175854255145e-01
3.160779567430169190e-01,-2.997209551374423464e-01,-2.561946620146779985e-01
3.489602020529145032e-01,7.181691196791657461e-01,8.704611224048395268e-01
8.026055240893847920e-01,5.549646370406036144e-01,1.936175306719889119e-02
5.837227597184160288e-01,6.572388563604215639e-01,7.749354300445169264e-01
7.482278078680115740e-01,-3.909806737522572018e-01,-1.251362077885223301e-01
9.487114303429555751e-01,5.673477176178155501e-01,3.769232041576475178e-01
-2.317381925770556905e-01,2.604508755640636344e-02,8.557075714075869088e-01
6.721142770810254463e-01,8.764932942167430463e-01,2.181495905781976608e-01
6.380676645698650784e-01,9.753485561327457365e-01,7.540289453381292528e-01
5.322680573509133151e-01,-3.418509810625786627e-01,-1.910057651048891469e-01
6.272593806106346870e-01,-7.974588254409548105e-02,3.619478088924471537e-01
9.021124190722098479e-01,2.302704523565230477e-01,8.935923640301840498e-01
1.972113446075673127e-01,-2.223078917210972311e-02,7.891984401976930297e-01
7.819056263390183892e-01,-9.264413698853239676e-02,7.329727201980761331e-01
3.373661158901727353e-01,2.436450682690945446e-01,1.025544681817173592e-01
6.790940097077534376e-02,1.094125996169183157e+00,5.158607402529262753e-01
1.235252706289730190e-01,8.630294991395707216e-01,3.878988470078792994e-01
1.312116298644760148e-01,9.753111252468256165e-01,5.461828466889723233e-01
1.423963740722756499e-01,-2.479894924623556873e-01,3.093538797901722592e-01
3.683352476875546566e-01,6.804958112308939766e-01,2.719688807160159927e-01
2.251363229294902346e-01,1.086894259747994917e+00,2.451432575132775071e-01
5.932440952914587173e-01,2.513188237925466709e-02,5.647454301199478222e-01
7.280945315744055124e-01,-1.058470968762322412e-01,4.059748602185183630e-01
6.463552369585796598e-01,1.399434809550651193e-01,2.054715390418191956e-01
7.972263290331628172e-01,2.167786137381426739e-02,1.537380631033201939e-01
5.840259026105768525e-01,8.918146164415400312e-01,1.717662104274039481e-01
3.626697051343968359e-01,4.072909694237668576e-01,7.687650455780280501e-01
6.078088873463887154e-01,5.806094447702646599e-01,5.401954486422122503e-01
6.753037425626912116e-01,8.262206263142926055e-01,6.276724663853049391e-01
7.397202455591037618e-01,2.541796775927780416e-01,4.628370540323903382e-01
1.691261774575368582e-01,3.744061083777933119e-01,5.688238972060467580e-01
7.660949690058558303e-01,7.662915332411132097e-01,6.261015165452744891e-02
7.034585378463364957e-01,7.962472088183631946e-01,7.251810958526706541e-01
-3.253161226138251427e-03,9.024808495980102263e-02,6.462961118828064455e-01
9.558468513176839876e-01,9.077690426595416140e-01,5.612316955322744771e-01
3.441642938419722797e-01,3.897097967289658293e-01,3.220993287234921176e-01
1.075689448280426674e+00,-4.274262303537755270e-01,-1.833298602181780423e-01
-2.167048047030120939e-01,-5.627737589416521580e-01,4.190214606244916928e-01
4.308794529810237584e-01,3.080425170430502457e-01,9.750808614802102259e-01
5.561645017863727780e-01,8.446297013739725301e-01,5.938182280649069444e-02
7.756272902118256374e-01,7.826613300787715888e-01,8.289269903757864322e-01
-1.761188354397579536e-01,1.306913286501549254e-01,4.915711380014363696e-01
1.485374523733631880e-01,-8.978902931584817337e-02,5.096425900841212719e-01
5.888688173361762423e-01,8.819836774992952932e-01,6.969156759730289752e-02
6.440654853563836379e-01,-2.834860324938401899e-01,-4.236104398638356749e-01
6.788955786937010961e-01,4.864664351092321676e-02,4.632104810407075002e-01
-5.260769529248972287e-02,9.849514214853014038e-03,7.871440428764330255e-01
3.187893550546669341e-01,3.004204333343632460e-02,5.570289456704948794e-01
2.516135086440625668e-01,3.817807091132977004e-01,3.505152988167017231e-02
-1.905242220852924329e-01,-1.036616515676788142e-01,1.148968991291707820e+00
8.334893505992134743e-01,2.688495034243855164e-01,3.179299002694778720e-01
2.420871679191607950e-01,1.479025832655851344e-02,6.708726256250859832e-01
4.939545090200150868e-01,-9.408527583749139167e-02,7.767742524958962669e-01
6.209336833089509899e-02,8.585067480036661092e-01,1.504768797637864031e-01
4.988127479464689595e-01,8.669051240616865162e-01,2.461484559509125869e-01
2.187522911011428317e-01,2.371890409760873397e-01,4.504707285992489568e-02
-1.657634164102738950e-01,8.676708883190012433e-02,6.189937509499519042e-01
3.906130883359509864e-01,9.831232097028480554e-01,1.685417701734663876e-01
3.913556897151841962e-01,-3.222026422694989484e-03,6.732046218332927712e-01
1.103496940952695404e-01,1.099915356289985935e+00,6.570409366629752501e-01
3.703796049595188822e-01,5.467871152527525869e-01,7.305410950483401389e-02
1.325790082802873748e-01,4.773559677935798606e-01,8.285816217637063108e-01
9.351135190435486688e-01,9.550822578384633443e-01,9.438291812274981485e-01
5.900024396240225455e-01,9.791971430655791453e-01,6.637570522770258608e-01
3.947914454644720905e-01,1.121562932623249020e+00,4.219846940412407821e-01
2.751140977010002597e-01,5.863156420436498317e-01,-3.926285783998766793e-02
5.366243074820157277e-01,8.976216449832790101e-01,6.711613480503855200e-01
7.209232044910073300e-01,2.162704295166853752e-01,5.521785764594523416e-01
6.425933192468463728e-01,4.104441282961479587e-02,3.579804779330973408e-01
5.994321038878355212e-01,8.023853634195914353e-01,5.657270543466784707e-01
6.284866456397045775e-01,-2.085097057835580414e-01,8.137363553611701508e-03
1.966045916797953541e-01,8.492645465956979445e-01,5.535565646288752584e-01
8.010770306850873990e-01,3.603558605159842831e-01,1.358216604348399803e-01
7.675857269771699798e-01,4.989302644971469469e-01,8.066439744795513012e-02
4.187444376261535983e-01,2.245314593991991070e-01,9.910556476104037671e-01
3.617000929227613959e-01,9.506922446581254071e-01,3.440897172527023207e-01
-4.521000735005406002e-01,-1.795334460502847479e-02,1.073620797867858245e+00
-1.135450930979914515e-02,5.830712670282930943e-02,4.091683253792731678e-01
4.405408366118428454e-01,4.957431440394881594e-01,3.350027149702151652e-01
-1.802459295193436506e-01,6.210167391801663106e-02,7.192514422549327602e-01
3.132806399859144886e-01,1.060545913901634468e-01,3.539379857024438358e-02
1.133657386697411590e-01,8.238414376793772032e-02,4.232650307226140107e-01
7.499332839930610284e-01,4.743328902272055947e-01,1.872040542898582294e-01
5.860664708308171988e-01,3.367484221960820867e-01,3.573570232394011614e-01
4.247930334767424099e-01,7.946817764457458910e-01,4.610134939579686453e-01
3.813686237884969521e-01,2.532553928755450559e-02,5.958448355872615343e-01
8.685036859459134284e-01,8.109677050398607090e-01,5.334856839210487811e-01
2.667259097050425978e-02,-2.957676969535665279e-01,-6.748567339456908176e-02
6.569421517781853792e-01,-8.572123936617297157e-02,7.801532757276007368e-01
4.221198828466615760e-01,8.584945991029099832e-02,4.064112485154503518e-01
3.462894023049341574e-01,1.192904504043574287e-01,3.282076771150828076e-01
7.498069825066376870e-01,8.909683428871270627e-02,7.974773879903236384e-01
1.921629300066677315e-01,9.551683100391143710e-02,4.621955130229886688e-01
2.776268039314538916e-01,-1.468076795380544863e-02,7.345910437090946710e-01
9.743389990384067056e-01,3.608736311150694820e-01,-3.741419304716546435e-02
1.711177209813921352e-01,9.585461941606551184e-01,3.046810880503323937e-01
2.022519921975485246e-01,1.027745425441672911e+00,5.178154995935843052e-01
6.399756431919243482e-01,9.174623879937645610e-01,7.565231223857687981e-01
6.901775803234065920e-01,-1.754383813370841427e-01,9.769067939014972612e-01
5.191271744189552839e-01,9.409789805176886901e-01,1.169506177141930170e-01
3.643259331653891930e-01,5.202314146292907893e-01,8.171867332244169280e-01
6.096687538304704779e-01,7.117835362581337311e-01,2.789866356490272037e-01
3.663772323598158964e-01,1.377266261355745980e-01,4.217641719290373126e-01
-3.514351973296979681e-01,1.660877727195193138e-02,9.041906296472319582e-01
7.693144693754361274e-01,9.835934113536615175e-01,1.907732296788536841e-01
4.160626733119260345e-01,7.341238352517029941e-01,7.030427363269587948e-01
4.521253028006946839e-01,7.995370468599642955e-01,1.645999835794979549e-01
2.572595901875662783e-02,-3.960154965792616472e-02,9.333136445581234897e-01
3.894759858437878419e-01,-5.788831635879672366e-02,8.228414735072479003e-01
5.846247386630042397e-01,7.847975797079507210e-01,7.315547492011650332e-01
1.288008664035439621e-01,7.575941900670429829e-01,7.382150856775813175e-01
2.253171934533101661e-01,-6.536004714656643011e-02,8.732686786641881138e-01
7.078287187213785359e-01,-2.444035327363990040e-02,3.267946410135897373e-01
4.652145014607609319e-01,-7.644806829871847453e-01,-1.770579969491727357e-01
3.099165475815123250e-01,-2.155396110009480948e-01,4.722382073394030821e-01
5.675336986652309568e-01,-4.231472672939159962e-02,6.264938703566996780e-01
8.539069642728937259e-02,8.397832063400469949e-01,5.696111175000247995e-01
1.038321034686339628e+00,-8.329467167461790389e-02,2.771442630849945687e-01
6.296819581734568461e-01,9.355868777438611783e-01,7.068290339101548914e-02
8.473915002746135183e-01,-9.104224487395957965e-02,4.107906785897413177e-02
4.634042782118877879e-01,-9.967497338254256711e-02,9.105748540772554689e-01
-1.658808928758223611e-01,2.934231128283578682e-01,9.731549874379887000e-02
1.935183768075758037e-01,-2.929174780854561511e-01,-1.642115136708658940e-01
5.555216745231897901e-01,-2.701490489446362053e-01,-4.228000480985853460e-01
4.821315896648116217e-01,7.570025844897729228e-02,-8.596022103892864141e-02
5.167528205132317920e-01,8.100816784193352049e-01,9.122295578568159410e-03
5.103449593280923180e-01,9.431754081310426141e-01,6.347954597976726010e-01
6.891774390360098090e-01,1.352148812923614427e-02,5.667574337355415492e-01
8.361325681510838326e-01,5.597773359205877874e-02,1.520424136229029943e-01
8.126965201131849392e-01,9.121549835255919614e-02,3.657912691373259029e-01
-1.061804471191262478e-01,-3.266350605467160245e-02,8.707305408094049293e-01
5.275711723668317088e-01,9.857750658371483565e-01,6.699060149015036991e-01
6.884039282783473990e-01,6.471133857226890607e-01,7.983295193447556004e-01
9.089268456029040433e-01,6.356966761802559374e-01,7.923520696373858030e-01
-1.217403857211253188e-01,1.795448899521932540e-01,3.257383311767204082e-01
7.384588235150442437e-02,5.882682279342562603e-01,8.682829712662123445e-01
7.063706898250391442e-01,1.363268073315345164e-01,5.960286120816488814e-02
-1.630245732867957598e-01,8.098200754265566514e-02,6.484817306834637085e-01
5.753513871746561703e-01,8.498667827891166482e-01,8.557837960082697037e-01
4.652169779858371101e-01,4.287694334462243129e-01,1.550593065935466086e-01
4.832600277615408113e-01,1.006920519264749014e+00,6.553130869340294540e-01
-5.989873812968378453e-02,-4.327819118309363111e-02,9.082167131848927211e-01
1.895570321148855319e-01,5.309763885441315390e-02,3.009409700940272603e-01
5.511093953395623801e-01,-2.862838796634444294e-01,-3.215117252107770884e-01
-6.375693017287573094e-02,3.187336341554261598e-02,7.750515250592950878e-01
8.643841760070403168e-01,6.125160277762904393e-01,2.848825691401278282e-01
6.131263629279118943e-01,6.894165984829682126e-01,1.930993653953922973e-01
-3.525358005060136857e-01,-1.005934680078028054e-01,1.251141580694234090e+00
1.031866893643558436e+00,3.258395850693708296e-01,9.143030469646630243e-01
8.772652189297097669e-01,7.767961646031192879e-01,1.223417372233881195e-01
4.988094118028414958e-01,7.763981046614566450e-01,1.040735656081524629e+00
4.611211982442762758e-01,7.379211562536915903e-01,4.864494784910031178e-01
1.711162528107630920e-01,6.944290118486338148e-01,9.679527268343246504e-01
2.087122591313611830e-01,1.014783328268070051e+00,7.158006322890729800e-01
8.144740703486472722e-01,-3.621103139988121611e-01,-2.841388100386688653e-01
7.751014966458223965e-01,7.534885791446976899e-01,7.706947933124541628e-01
6.342070900910846964e-02,1.811784378754364710e-01,2.512016254113011438e-01
8.827569979016889334e-01,1.022822790971200879e+00,5.983052511586073319e-01
9.954332643769685240e-02,9.969186908966314320e-01,3.105065702459340327e-01
5.655783332878152603e-01,9.861760183878059971e-01,9.885376603421006658e-01
8.964958629005173041e-01,-4.575593330514139967e-01,-1.408005988936993427e-02
6.860822445504198841e-01,5.154487782490049241e-01,1.347465141310760783e-01
8.342390552085046096e-01,3.351626698175001473e-01,2.861428658665876590e-01
4.326811013557762542e-01,1.108285925777401509e-01,5.300809551316196938e-02
2.109351140587643891e-01,1.897184493254020637e-02,7.623252461994812768e-01
3.759469291054931550e-01,9.308023365685645922e-01,2.513160229980391791e-01
4.960238629501058094e-01,9.689230308640572886e-01,2.182940303156372386e-01
4.750086919835772581e-01,6.672575226302858153e-01,5.630075878706425341e-01
8.731316924525343026e-01,6.347598093129662722e-01,5.348541533682686921e-01
3.339987069570302669e-01,6.501185817646726317e-01,1.460802770101925219e-01
4.632811976217200423e-01,9.494054873537124406e-01,2.897270003909056535e-01
2.445209046005755171e-01,6.499654253834548090e-01,2.928405003068471624e-01
3.837785988161949297e-02,5.966229553790537710e-02,5.869375855811680420e-01
6.076609404435238115e-01,-1.312885571806198526e-01,8.307119014501790355e-01
4.989542486266709265e-01,6.234400109206390539e-01,8.123459976304175933e-01
-4.346348988472677893e-02,1.038368557517874158e-01,5.504960867966609550e-01
9.664868971894881033e-01,7.701869269032958210e-01,4.826382090269068503e-01
-3.964532088277277211e-01,1.354952410851155420e-01,6.346799490333370208e-01
7.436443937269064941e-01,9.897893444159884258e-01,4.206293835151190263e-01
1.987664969237254997e-01,-6.887569964931350430e-02,8.873132398248793073e-01
7.310951732235434486e-01,9.703266811577507811e-01,4.827112962587607470e-01
2.688752294034951196e-01,1.434951107610094867e-01,-8.798685070575183731e-02
3.575637752835975069e-01,1.008517706710969186e+00,6.773500637398534030e-01
4.388612452309539336e-01,8.912844252546809898e-01,2.417708701212319955e-01
2.344327023499762075e-01,9.724883066586867963e-01,3.241544341604737367e-01
7.205561635755418637e-01,8.589780191781855034e-01,6.235307409118553412e-01
-2.465929479551422221e-02,2.806216276095352957e-01,4.087695774202948842e-03
1.586499044498467237e-01,9.906428660616737325e-01,4.475184496773826348e-01
9.578247859113867557e-01,8.058695151950200364e-01,3.537777261869712864e-01
5.307449531872805437e-01,1.036033342114762945e+00,3.367013028917770212e-01
8.277402492143511870e-01,6.702929093229456070e-01,2.553337019832655486e-01
1.097222379210095189e-01,-2.705198548954074744e-01,-2.475782950798561255e-01
7.305577827043966410e-01,7.375795533345156363e-01,3.442947909773086956e-01
5.224711590615243040e-01,4.876393158586728727e-01,7.653452734977765903e-01
-1.182267273564772264e-03,-7.566241559422006713e-01,1.969140635382327642e-01
4.404717621156230972e-02,8.079869299799356808e-02,6.051730437974882637e-01
9.817558816775921737e-02,2.578993763584710996e-01,1.340340063588970065e-01
8.990812374473925450e-01,9.907268761857364048e-01,7.032745730898086745e-01
5.633160954170666340e-02,4.488250433272809592e-01,5.839591688523680657e-02
1.634392635911796066e-01,8.016220696811290347e-01,3.469910646070497595e-01
-4.057048962341003873e-01,8.711724014387395298e-02,7.475032378328798632e-01
2.154641274403868711e-01,-5.156260106153884304e-02,8.344912097702122944e-01
8.088273110724517601e-01,-8.295351556756921929e-02,7.010543021006357955e-01
8.347284923724165306e-01,6.181111325211271490e-01,2.409302055957611155e-01
4.302473794343093100e-02,9.773970670732372301e-02,5.658654650400002373e-01
1.612517104016289171e-01,8.085456239842017112e-01,1.550016065888187300e-01
1.033716796779929892e+00,5.198890157855038385e-01,3.036387521563312375e-01
2.775483788683567044e-01,2.751429878395501016e-01,-1.440360035095794924e-02
8.456806234211531326e-01,5.987098050239859637e-01,8.429675381719281546e-01
2.954116445752199560e-01,2.697820470570421736e-01,8.537054342179112298e-01
4.936099559692488925e-01,7.645135752785977568e-01,5.721116843539133523e-01
-2.269398740263509906e-01,-1.097574879163922545e-01,1.212943872732470840e+00
1.450614370974909750e-01,9.561553861803276932e-01,6.943484683187229889e-01
-1.940257126482773375e-01,-3.354198050561593009e-02,9.876025119428459842e-01
1.804097970894794345e-01,1.020059756466221712e+00,2.207301473068401867e-02
3.406342863985877822e-01,3.826916552974445399e-03,3.559747937618105151e-01
4.019780428562622077e-01,8.603692436313192804e-01,8.495845154924173137e-01
1.631639583030958240e-01,7.806879862095471578e-01,2.354334141467114005e-01
4.048578576781630134e-01,9.557224893203861704e-01,1.884384008131387567e-01
7.458111247638822272e-01,7.201334258478931938e-01,4.986706991820086254e-01
6.872237674415290209e-01,4.831383405431647904e-01,8.669571048917449341e-01
7.990334713205299311e-01,7.394236725766714091e-01,6.851642710608133457e-01
8.463457394265098133e-01,-3.419118831834747629e-01,-7.560275375308142531e-02
-1.940934623069178466e-01,-4.515313950844376117e-02,9.787394550940666793e-01
3.660672965478302399e-02,1.785140419981695314e-01,2.582953005955016534e-01
5.187060732339491276e-01,1.108617504313094804e+00,8.751686713127398987e-02
5.519340974150080958e-01,4.482655616511782570e-01,3.430601378992058081e-01
4.516932624222640136e-02,1.009095610903124385e+00,3.716671085284261045e-01
-8.066221928578595768e-02,-6.652866881275330824e-02,9.678813290203955866e-01
-1.630192590101439409e-01,2.104724286475947170e-01,2.801821692524483765e-01
1.239614165123870126e-01,9.121106376376367231e-02,4.795198792585006475e-01
2.234796490576017591e-01,3.200533964031994638e-01,-1.723882127733314742e-02
4.149077155450696663e-01,9.929711688461699826e-01,6.583098704709762217e-01
6.028252917028277258e-01,8.403551444537104009e-01,5.931784319993247401e-01
4.204049874549936061e-01,2.683555326695754584e-01,9.778805706498196193e-02
1.430998690123680694e-01,3.572590889690088201e-01,2.629893463151531351e-03
7.363066736539873869e-01,4.232985623405809417e-01,4.048979659778697004e-01
9.688215209522978988e-01,9.925800994755326068e-01,1.005920835092709131e+00
7.544691131728840094e-01,1.148861933099196986e-01,4.746436763724418695e-01
5.072265485135032392e-01,6.504967976063738000e-01,8.525188306084166001e-01
-9.588950839704156459e-02,-7.502480272742351186e-02,1.055210171445357226e+00
-1.897541845477401443e-02,1.475556896778877358e-01,3.803151064711581819e-01
8.931436348011770887e-01,5.682441715214062855e-02,2.325919716885650745e-02
3.669442433777260204e-01,-3.170661977687552757e-01,-4.129374516371824705e-02
3.163738107485135620e-01,3.247018022984775043e-01,3.151207042589898588e-01
4.593179654711539439e-01,1.554009861434903217e-01,1.952195756075449651e-01
8.341008606399400449e-01,7.485834877351186245e-01,3.258637202014418865e-01
9.770426566092317300e-01,9.845857212798321267e-01,7.379444970634131407e-01
6.328831208985773449e-01,9.378437804885207951e-01,8.483169080153495356e-01
5.599217388802100182e-01,9.226412241479718945e-01,2.320390998288844597e-02
1.960315616926555093e-01,1.321618486656028768e-01,5.692024022569588393e-01
5.085205131754610974e-02,9.258657316522964642e-01,7.546734654327088565e-01
-1.070575485834657503e-01,9.695981419574405125e-02,5.251743427393743557e-01
3.449933065414058087e-01,1.450509959529349968e-01,2.655449608380214821e-01
1.770084013893605535e-01,7.385610812347690457e-01,1.803431337910354204e-01
8.451819235099438110e-01,6.030152258705373525e-01,6.540493164265669401e-01
4.460510045255634548e-01,7.246210367939540653e-01,5.877434621570504225e-01
3.273763610650344824e-01,8.042486685177704375e-01,4.591063628985257439e-01
3.078925942552228068e-01,-1.817363922206685356e-01,1.001812148442501993e+00
9.845594438725160380e-01,5.156823063981481603e-01,1.930673040732250323e-01
3.183208515777620207e-01,1.014762581401544628e+00,5.257573453931517760e-01
6.226079324577251661e-01,3.735314627050719261e-01,6.629417060640285797e-01
3.590865586368877788e-02,5.707864250666980777e-01,7.740278200432880729e-01
1.099286593181088290e-01,2.837081413590747045e-02,6.681732401513266195e-01
8.462915087430002981e-01,9.773312195038529326e-01,6.337878415615739724e-01
5.818213224013190077e-01,-4.128225776516014078e-01,-2.476856837147545926e-02
6.271470471275208958e-02,2.641811640888105939e-01,4.317753702833435070e-01
2.752556205504465003e-01,-3.099164351224980019e-01,-2.071502869606219599e-01
1.425539701339069432e-01,-4.853500998611158523e-02,8.045620608118054795e-01
-2.098789356017377594e-01,1.199575263997410546e-01,5.594970443097675439e-01
1.664303330579833540e-01,8.496858460629203025e-01,1.037970961896535815e+00
5.335343620188446323e-01,8.235126589221506421e-01,5.542413387309556017e-01
4.057510213683693245e-01,4.536839991550337819e-02,6.052703236407063203e-01
2.819665960488353385e-01,2.039412951234723104e-02,5.715278158590019197e-01
5.123607226686805599e-02,-3.392385584360187445e-01,4.770780174377462629e-02
6.557698250056925859e-01,4.919777251141357888e-01,9.223378796978717875e-02
9.327473104694720130e-01,8.626044810872127711e-01,3.418399839650210770e-01
-9.873020391562542519e-03,3.139438542948052441e-02,5.640762079271461893e-01
-1.530608520812253293e-01,3.331472803540938554e-02,7.225601808638922874e-01
1.242265329549915587e-01,3.702359924993652018e-02,6.436698513470345828e-01
2.955278429638158455e-01,9.884822978636795821e-01,8.276161066225086460e-02
6.202499913229551076e-01,-2.059060256301887826e-01,9.184184016990553090e-01
9.537664085930976088e-02,-6.951921291227319832e-02,8.864851607306115655e-01
9.042457955948376425e-01,8.132883432069516472e-01,1.606902969615085081e-02
4.902280476149004085e-01,2.531641467331289808e-01,3.552970923625801969e-02
6.499881717908266854e-01,-1.450340784125871141e-01,7.751848878010098032e-01
-1.592649916665489496e-02,7.979673389083707935e-02,4.504203333809725929e-01
5.051843953808332621e-01,-2.623718284224154651e-01,3.164433179822960240e-01
7.697262912076496821e-02,7.831026782364415295e-01,5.281662943305279745e-01
1.204607543363957756e-01,1.035822012652965363e+00,2.568729685626939263e-01
3.085860109293052100e-01,7.349493507784030100e-02,4.561581773336311207e-01
6.032746096992881446e-01,9.003295086729949936e-01,5.051294404784486547e-01
4.282739662573445405e-01,3.407409726758416080e-02,5.714625462734786998e-01
4.104019006708779504e-01,1.630045580719515774e-01,1.192372486301976203e-01
2.116603996019643941e-01,6.502528864982392021e-01,5.560623719441663004e-01
2.064793774513222213e-01,-1.089252212557453581e-01,1.015618061333747102e+00
9.614257775884291757e-01,8.888597692924095073e-01,3.583155206534958670e-01
2.747780225341932558e-01,1.868067105349467683e-01,2.524674720997507893e-01
8.461649944561512593e-02,-1.933251362708730825e-02,7.879401776658699896e-01
8.038267665904493819e-01,9.331795592147081875e-01,3.158854853195265933e-01
5.887544164653845113e-01,-9.526177165086571752e-02,6.379085386284996106e-01
1.974488911334549013e-01,3.474415622941301462e-01,1.607910704104821842e-01
8.224123591883393258e-01,1.895609688694318562e-01,2.166047810997049836e-02
3.970516288055888077e-01,5.534764006595970232e-01,3.862462341647648345e-01
4.153931884277299313e-01,7.391463750652254028e-01,3.046249017271156490e-01
1.630314745378122487e-01,1.015338748153124415e+00,1.516758659193743752e-01
4.028983966735732447e-01,1.391897359398235889e-01,7.703683644342452785e-01
2.311129385012081205e-01,4.962877964088647231e-01,8.598992286770203997e-01
9.023880454949443353e-01,6.677751057507232968e-01,9.012518161659671678e-01
-3.720569813649300950e-01,3.250466705485901414e-02,8.915646985065354135e-01
9.726637043409261940e-01,9.260760409929330583e-01,4.164124432698204648e-01
6.330243907474772946e-01,8.625969556271718686e-01,3.873562382780392777e-01
6.011660517224863831e-01,-6.092856535452607220e-02,7.052502288067227232e-01
1.478319529965225476e-01,2.583225967984051907e-01,6.090540819463267086e-01
4.197742231759592907e-02,5.930298519936935686e-02,5.750672648361297989e-01
9.955581332943283512e-02,-1.143125995550358098e-01,9.521722725862896697e-01
8.787268124059346430e-01,8.970563181058270885e-01,6.330018335711614652e-01
2.512229620092969462e-01,1.090472458913387815e-01,3.953170862169446687e-01
3.925979001266130530e-01,1.224500984162984196e-01,3.760006856059002756e-01
1.660101496279872690e-01,8.713160958036253456e-01,9.506061720832028605e-01
-3.042422113746687251e-02,9.718203590049009910e-02,4.913702940086057125e-01
5.680184108535272225e-01,8.263420447533772473e-01,7.172735185212986142e-02
3.168300289929646962e-01,4.174812046145136013e-01,9.004590145202637785e-01
8.271555751450010430e-02,-8.926211794232797453e-03,6.667585475313674293e-01
6.174882174965297121e-01,6.291739434206111703e-01,3.834770223831133751e-01
5.584713006768303734e-01,8.617872177615465423e-01,8.965255815058663647e-01
8.005599187912896264e-01,3.987823205560137030e-01,4.763157005666560639e-01
-9.528280441756770136e-02,-2.167847179479562292e-02,8.937671745512162369e-01
1.643107398992479373e-01,1.045905244339786350e-01,3.605421939915292584e-01
1.377474061114783432e-01,1.423127318574112787e-01,3.867895339362113494e-01
3.229768951038434754e-01,3.137119980399875885e-02,5.577082378962908704e-01
-5.379927645529016152e-03,8.132537971328474696e-03,8.041387852959241966e-01
-2.177971758750192263e-02,-1.406519288032408166e-01,1.211923571348863637e+00
7.685491168777744964e-01,5.056838949762096913e-01,6.616648159889698677e-01
9.463515817900251814e-02,7.029383881666488587e-02,3.982694798977557404e-01
1.796741042230037833e-01,8.908987155505198041e-01,6.854138648874811279e-01
2.188264733370595960e-01,7.089435304144541261e-01,6.756892939484538951e-01
7.199121790036276947e-01,4.101929175960888907e-01,6.549636166933587855e-01
1.961771508710628831e-01,-1.257817242853113138e-01,9.074810725262656419e-01
9.060106963517987611e-01,9.773566745833363045e-01,4.605039414218607685e-02
9.835641655313551723e-01,8.118365225559397436e-01,9.532387304304800191e-01
9.492947952125810884e-01,1.003016650511936225e+00,8.475219049700253304e-01
9.140477333568914897e-01,7.896014361176402208e-01,3.784693226090967144e-01
1.828084524096020846e-01,7.273971468763105186e-01,1.062982875168059227e+00
2.343724914776119661e-01,-1.358765918552549967e-01,1.075224479483569695e+00
-2.289255483740222363e-01,9.325347902584123216e-02,5.646397633650198644e-01
3.934505441782198409e-01,-6.937809115340490274e-02,7.728138867185501137e-01
7.771943056334759126e-01,-7.639184715092527111e-02,6.899408654029562937e-01
8.999469075885210279e-01,3.151753698308535356e-01,8.318012780191131883e-01
7.157617495380043104e-01,7.234066845026709824e-01,3.420559088093938493e-01
2.928238761756606356e-01,-1.039302849413088620e-01,7.923315702186103926e-02
6.020330341651088102e-02,1.073097021629880965e+00,3.280658204763189922e-01
4.417046933610747073e-01,1.074110378370766172e+00,5.053366258322233157e-02
3.737753635763053639e-01,5.808060499284456446e-01,3.819122916836254489e-01
5.594350889257172499e-01,2.005550860165298266e-01,2.430810722560919068e-01
3.852439941825282488e-01,7.085736447172513719e-01,1.570544096751439467e-01
1.006109107142272752e+00,8.516934086610647991e-01,3.048150266323731428e-01
7.063170204398465657e-01,5.488793695478256796e-01,6.297051711347861902e-01
2.015411441005509618e-01,1.474868237320300368e-01,6.787367766718608308e-01
-6.866198475416565583e-02,-1.617776604958837822e-03,7.955648639195177507e-01
-1.805878612569066788e-01,-7.505498099677597734e-01,-1.745736357982605735e-01
7.206217199772330106e-01,1.091480746267613072e-01,2.449618173749437966e-01
4.444449864731516153e-01,-2.742532151154470355e-01,-2.477700336822293570e-01
8.818075438437059654e-01,9.835612441588850174e-01,8.475067576974225636e-01
3.065572998812818306e-01,-1.396523870556457686e-02,5.981923945878100390e-01
2.119990161975299908e-02,5.678561573711864846e-03,7.607126219564881442e-01
8.046141210883280825e-01,9.955984166849644046e-01,3.997147869867972436e-01
1.035105412017739146e-01,-5.251554190301557790e-02,8.854905081605985995e-01
3.977946605124297319e-01,2.093991322278399014e-01,1.258517646464585582e-01
4.874389755433096161e-01,7.293589904239349275e-01,8.749265113792042969e-01
-4.370256602682931479e-02,-6.643761364579374440e-02,9.291313174875442948e-01
2.630987468379062943e-01,8.726393258238148709e-01,8.519650660629948247e-01
7.143675403074689623e-01,5.494113445002710705e-01,6.791264587210219528e-01
8.557793225158933925e-01,5.275196059778305413e-01,3.884868023958001904e-01
-1.616402564950157605e-01,-5.425512056610835854e-02,1.020799225327107873e+00
5.276005897469405737e-01,8.164687763637201723e-01,9.756614854272734894e-01
3.329900552055959917e-01,-1.201299746059514978e-02,3.686943878537150554e-01
1.011179674695414477e+00,9.894685200147381732e-01,5.638488855088110707e-01
6.349757830699893635e-01,7.450963759311625134e-01,5.213934635643381332e-01
7.865458364842604633e-01,5.652916991462824114e-01,3.206761828827294214e-01
5.459882461693238431e-01,-2.412861826353820266e-02,6.921092426536363806e-01
2.480322158490941564e-01,7.961537211606440900e-01,6.646001793078075703e-01
4.445375927632357893e-01,9.875836480851246657e-01,6.537653705422447059e-01
5.603893815939522405e-01,6.772693420505225825e-01,9.353422166892264578e-01
5.015641339448704272e-01,-9.986135766416520676e-02,8.807113806980528814e-01
7.999448807437535836e-01,2.151687580971224922e-01,2.729575284117680689e-01
6.574330208997600788e-01,9.334900959910172880e-01,8.188331864418609829e-01
7.901100205210065397e-01,4.903890474822180101e-01,9.613007781439951716e-01
7.004281130276952538e-01,7.294836819992869259e-01,1.599582567887829210e-01
1.619904490224169935e-01,2.924276455786674681e-02,7.085730344070373388e-01
3.055012597832633403e-02,8.643960406524214823e-01,8.354887322160911012e-01
9.244597948921147168e-01,6.746961570829462795e-01,9.632185078651486210e-01
6.484157663229351831e-01,-4.497103684301468340e-01,2.665242997192240546e-02
5.074288068943040297e-01,1.481097030907871925e-01,2.532547189231802442e-01
6.224845424929320581e-01,8.630707547766769405e-01,7.093090248357430960e-01
4.757522260138380976e-01,-1.325205964788467028e-01,7.224467255917244035e-01
